ID,Name,Email,Age,Country,Join Date
1,Ashley Mcpherson,donnalopez@gmail.com,52,Canada,2019-08-11
2,Anthony Ray,laurajacobs@yahoo.com,32,Germany,2014-09-17
3,Molly Wilson,meyerandrew@owens.com,68,Germany,2019-10-29
4,Heather Jones DVM,baileyjoseph@delgado-mitchell.biz,31,China,2023-07-30
5,Elizabeth Torres,david58@gmail.com,27,UK,2020-05-27
6,Richard Brooks,matthew22@gmail.com,21,UK,2019-11-21
7,Zoe Thompson,patricia40@brown.com,41,China,2022-12-17
8,Kristen Kennedy,imoore@yahoo.com,21,France,2017-07-16
9,Alan Russell,farnold@hotmail.com,30,China,2021-05-04
10,Hannah Myers,floressylvia@gonzales-perkins.com,26,India,2019-11-30
11,Ronald Dunn,michellelynch@murphy.net,65,Brazil,2019-06-09
12,Alexander Robinson,robinsonleslie@hotmail.com,73,China,2023-05-25
13,Michael White,fmay@hotmail.com,58,India,2018-06-17
14,Paul Bolton,smithdaniel@jefferson-anderson.biz,28,South Africa,2024-01-27
15,Deborah Cooley,nmelendez@bowman.com,33,South Africa,2018-06-24
16,Thomas Harris,sampsonkyle@waters.biz,59,Brazil,2015-06-14
17,Andrea Diaz,allencassandra@gmail.com,45,Australia,2017-11-27
18,Brandy Burke,josephanderson@hotmail.com,21,Australia,2018-05-17
19,Diane King,victoria43@hotmail.com,70,Germany,2021-04-01
20,Jimmy Moses,misty97@hotmail.com,48,Germany,2016-03-07
21,Brian Curtis,amy10@mccullough.com,19,UK,2017-07-23
22,Nichole Armstrong,qhall@gmail.com,80,India,2020-07-21
23,Jose Johnson,sfields@yahoo.com,68,Australia,2015-12-13
24,James White,jennifer67@gmail.com,51,USA,2016-04-08
25,Robert Woods,hcastillo@west-miller.com,50,China,2022-11-08
26,Jeffrey King,josephturner@reyes-hoffman.com,32,India,2020-01-16
27,Jeffery Hernandez,debbiewells@garza.info,53,Australia,2021-05-23
28,Veronica Figueroa,wross@hotmail.com,73,USA,2019-01-28
29,Bruce Hopkins,becklaura@gmail.com,33,Germany,2018-07-27
30,Kenneth Allison,nrodriguez@hotmail.com,60,Germany,2016-05-08
31,Robert Anderson,joshuaferguson@walker-cole.com,37,France,2021-07-09
32,George Hooper,jade41@hotmail.com,45,Brazil,2016-10-27
33,Crystal Atkinson,wileysusan@trevino-young.org,56,India,2019-04-21
34,Emily Bauer,garciaisaiah@walker.com,56,France,2023-06-20
35,Tara Russell,cburns@bennett-klein.com,18,France,2017-08-09
36,Susan Robles,alvarezrenee@blankenship-martinez.com,38,Germany,2018-02-21
37,Andrew Smith,jessica06@butler.com,37,Australia,2023-07-30
38,Courtney Odom,xramirez@roberts-robertson.com,59,UK,2017-03-24
39,Kimberly Contreras,nwalter@yahoo.com,68,USA,2019-05-21
40,David Harris,william66@navarro.org,73,Australia,2018-05-16
41,Alyssa Robinson,isharp@hotmail.com,60,Brazil,2015-01-25
42,Jennifer Knapp,laurenglass@lewis-williams.com,72,UK,2023-11-05
43,Charles Bolton,william79@hurst-goodwin.net,26,China,2018-05-27
44,Jessica Flowers,blackanthony@little.net,50,India,2021-08-26
45,Daniel Hendricks,yphillips@gmail.com,18,Brazil,2018-05-27
46,Lori Snyder,frankhudson@lewis.com,36,UK,2016-10-30
47,Mallory Schmidt,dadkins@gmail.com,73,UK,2019-06-07
48,Michael Abbott,nielsenjoanna@yahoo.com,32,Canada,2021-03-14
49,Katie Murphy,margaret02@hotmail.com,46,Australia,2019-09-15
50,Jacqueline Edwards,josephbeck@johnson.org,25,Canada,2024-04-25
51,Joseph Stevens,harrissara@hotmail.com,30,South Africa,2018-04-02
52,Dr. Natalie Martin,henryraymond@rodriguez.com,23,UK,2018-10-04
53,Kelli Johnson,prestonalexis@keith.org,22,South Africa,2018-04-30
54,Rachel Ballard,heather01@nunez.com,42,Brazil,2019-11-22
55,Richard Warren,hjones@yahoo.com,63,Australia,2017-04-28
56,Joy Gray,fsmith@martin-williams.biz,25,France,2020-04-04
57,Sue Morgan,kingmarcus@stewart.com,64,Brazil,2023-09-29
58,David Taylor,elizabeth90@hotmail.com,76,South Africa,2023-03-21
59,Scott Woods,joneswayne@yahoo.com,35,India,2022-05-27
60,Joseph Gonzales,kingwilliam@vargas.com,64,India,2014-12-02
61,Paige Bates,stevenphillips@wood.net,24,France,2016-08-05
62,Jeremy Smith,cookelizabeth@fields-king.com,53,France,2018-12-23
63,Kathryn Dunlap,tracy94@bryant-ramirez.biz,31,USA,2014-08-17
64,Kimberly Adams,jmendoza@snyder.com,37,Brazil,2022-06-26
65,Ernest Becker,pchavez@novak.com,75,China,2018-08-25
66,Tiffany Miller,james14@taylor.com,55,UK,2024-02-11
67,Jonathan Brooks,ivega@robinson.com,68,China,2022-04-11
68,Scott Donovan,kristen53@hotmail.com,59,India,2023-04-26
69,Mr. John Hughes,zlee@alvarez.com,54,Australia,2014-08-27
70,Christopher Hughes,stephaniehernandez@rich.net,58,India,2024-06-15
71,Emily Johnson,larsenann@yahoo.com,50,Australia,2022-02-03
72,Casey Faulkner,michaelbrown@yahoo.com,33,France,2015-11-11
73,Jeffrey Rogers,fbernard@nicholson-cline.info,40,South Africa,2018-09-11
74,Jordan Sutton,paul06@gmail.com,79,UK,2016-08-20
75,Carlos Simpson,smithbrian@garza.com,35,India,2022-04-12
76,Garrett Baker,nguyenelizabeth@thornton.biz,42,China,2019-03-08
77,Peggy Dominguez,kevinnelson@schmidt.com,39,China,2022-11-10
78,Alexander Mcdonald,tthompson@yahoo.com,46,UK,2024-03-19
79,Logan Ramirez,ojones@yahoo.com,73,France,2015-11-13
80,Robert Moore,ajackson@yahoo.com,46,USA,2019-11-05
81,Tracy Jenkins,williamscarol@reed.biz,38,Canada,2023-06-01
82,Kathleen Jackson,tuckercaroline@hotmail.com,48,South Africa,2021-03-16
83,Keith Castaneda,crystalstewart@hotmail.com,76,France,2024-04-26
84,Juan Smith,millerkimberly@yahoo.com,55,France,2021-12-01
85,Mr. Paul Mckinney MD,collinsmichael@gmail.com,58,India,2015-03-09
86,Noah Haynes,alexandra74@hotmail.com,20,South Africa,2014-12-25
87,Jeff Baker,vsoto@ruiz.com,77,India,2022-09-04
88,Kimberly Johnson,nancygray@gmail.com,20,China,2015-11-15
89,Joseph Glass,erinsmith@hotmail.com,21,USA,2024-07-24
90,Barbara Sullivan,kellerbeth@hayes.info,52,Germany,2019-09-27
91,Jordan Montgomery,melissaburns@gmail.com,19,Germany,2021-08-21
92,Annette Bradley,shannon93@torres-haynes.com,40,India,2016-04-12
93,Mr. Mark Pierce II,tsolis@hotmail.com,50,USA,2022-03-03
94,Mary Smith,jeffreytaylor@yahoo.com,76,India,2017-12-28
95,Martin Carr,gnicholson@deleon.com,28,China,2017-03-28
96,Tricia Mejia,justin64@rivera-gonzalez.info,34,Canada,2021-01-07
97,Christina Harmon,iwood@nichols.org,20,USA,2024-01-04
98,Eric Weaver,andrewjames@bryant-davidson.info,32,Germany,2022-02-12
99,Laura Miller,fburnett@jacobs-daugherty.com,56,Brazil,2024-07-02
100,Ruth Murray,webbtiffany@riley.net,80,UK,2021-06-02
101,Frederick Adams,ewinghaley@dillon.info,58,UK,2021-08-13
102,Jennifer Smith,ecisneros@hansen.com,58,Australia,2019-01-02
103,Teresa Harrington,brandonadams@sims-whitaker.com,24,France,2024-06-26
104,Steven Fritz,molinajoshua@hotmail.com,70,Canada,2016-07-07
105,Connie Mora,hannahknight@anderson.net,41,Brazil,2017-07-13
106,Andrea Franklin,floydjames@hotmail.com,41,India,2021-02-04
107,Luis Johnson,sarah05@hotmail.com,51,Canada,2015-06-25
108,Randy Gentry,michelle41@cooper-johnson.biz,55,Brazil,2019-09-06
109,Kristin Cobb,steven14@gmail.com,40,South Africa,2018-11-29
110,Gabriel Contreras,taylorsamantha@sandoval.com,47,USA,2018-10-05
111,Lauren Benton,katrina16@gmail.com,21,Australia,2017-09-05
112,Whitney Elliott,jackie71@gmail.com,34,Brazil,2020-06-14
113,Cheryl Gonzalez,castanedajessica@johnson.com,26,Germany,2021-10-02
114,Sean Chang,madisonjackson@hotmail.com,41,UK,2024-05-01
115,Mark Horton,nielsenbrian@gmail.com,19,South Africa,2019-02-10
116,Erin Guerrero,nicoletaylor@davis-stevenson.biz,20,USA,2019-08-03
117,Charlotte Horton,framirez@yahoo.com,54,South Africa,2022-08-11
118,Martin Sherman,dominic30@burke.org,53,South Africa,2014-11-17
119,Stephen Herrera,jordan48@hotmail.com,80,USA,2017-02-02
120,Melissa Stafford,yhall@white.biz,48,France,2023-05-14
121,Jessica Nguyen,jennifersalinas@rice.org,20,Germany,2023-11-10
122,Sharon Wong,dkennedy@lewis-burgess.org,69,France,2022-06-18
123,Robin Garcia,idecker@yahoo.com,56,Australia,2020-08-22
124,Jonathan Everett,bwilliams@nelson.org,20,India,2023-04-27
125,Martin Patton,kevinmccoy@miller.biz,43,China,2014-08-27
126,Gary Miller,alyssacuevas@cook.info,38,UK,2015-06-20
127,James Humphrey,carrieshaffer@hotmail.com,42,USA,2016-04-15
128,John Liu,johnsonlisa@berry.org,66,USA,2019-02-22
129,Paul Clark,webervirginia@gmail.com,32,UK,2019-11-08
130,Paula Smith,michele51@mckay.org,38,France,2022-07-06
131,Barbara Jones,butlerstephen@klein.com,59,USA,2021-11-22
132,Trevor Bates,qford@hotmail.com,22,USA,2017-05-26
133,Erica Nichols,thorntonjessica@zhang-lane.com,20,USA,2017-07-30
134,Melissa Bryant,vprice@gmail.com,18,France,2018-10-22
135,Katelyn Rivera,pwalker@davis.org,71,UK,2023-09-14
136,Brian Jones,scott46@hotmail.com,69,India,2016-07-08
137,James Holland,donna68@hotmail.com,71,Brazil,2024-06-03
138,Eric Bright,ballnicole@gmail.com,78,Germany,2018-06-03
139,Earl Hooper,byrdjoshua@hotmail.com,42,France,2022-07-16
140,Christopher Wilkins,derek13@key.com,25,Brazil,2021-02-22
141,Holly Jordan,kari94@gmail.com,40,Canada,2020-09-07
142,Michelle Webb,cookmelissa@tanner-crawford.com,34,Germany,2014-11-18
143,Bradley Schneider,allen09@hotmail.com,24,Brazil,2023-06-09
144,Andrew Fritz,clarkecarla@gmail.com,24,France,2019-09-09
145,Sydney Oneal,leehatfield@browning-cook.info,33,South Africa,2023-07-04
146,Roger Cantu,loganmario@hotmail.com,23,France,2015-08-04
147,Edward Frank,pachecologan@hotmail.com,38,France,2016-01-27
148,Jacob Smith,cvalenzuela@copeland-skinner.net,75,Australia,2023-05-25
149,Nicole Barry,kendra33@yahoo.com,47,South Africa,2020-08-19
150,Alexander Jones,erin59@yahoo.com,77,France,2023-10-19
151,Samuel Mcclure,xreed@hotmail.com,79,USA,2019-09-13
152,Michael Phillips,allenerin@yahoo.com,50,South Africa,2019-10-02
153,Melissa Miller,madison43@moore-hernandez.com,29,South Africa,2015-02-20
154,Patricia Moore,ojones@hotmail.com,60,UK,2018-07-31
155,Timothy Anderson,gregory27@clark-thompson.com,37,France,2020-07-02
156,Edward Gray,bboone@mcconnell-macias.com,19,France,2024-07-20
157,Louis Meyers,hallteresa@hotmail.com,53,China,2021-03-28
158,Lisa Banks,ajackson@gmail.com,25,South Africa,2017-02-12
159,Lisa Griffith,walterjames@mitchell.com,24,Canada,2017-04-12
160,Brett Smith,michael75@rodriguez-carter.com,80,Canada,2024-02-03
161,Donald Prince,johnkline@webb.net,20,Brazil,2020-05-25
162,Chelsea Long,ssmith@gmail.com,69,USA,2019-07-15
163,John Camacho,vedwards@hotmail.com,69,India,2015-01-08
164,Sydney Harrison,karen76@hotmail.com,75,USA,2022-01-12
165,Catherine Smith,skinnerlawrence@yahoo.com,77,India,2022-08-16
166,Stephanie Singh,gnorton@gmail.com,44,South Africa,2023-11-09
167,Lynn Roberts,jjones@jackson.net,29,Brazil,2017-02-18
168,Heather Stokes,jamesjuan@yahoo.com,66,USA,2021-03-29
169,James Vazquez,amanda24@yahoo.com,37,South Africa,2018-03-22
170,Daniel Wong,evanharrell@hurst.net,35,Australia,2022-03-07
171,Michael Cunningham,scaldwell@yahoo.com,61,South Africa,2018-01-22
172,Pamela Hunter,nlarson@cole-davis.com,34,India,2020-01-19
173,David Jackson,dylan45@church.org,55,Australia,2017-10-10
174,Michelle Ortiz,marksmith@gmail.com,52,USA,2022-02-14
175,John Brown,ravensanchez@hotmail.com,22,France,2018-06-29
176,Cory Braun,brownsarah@yahoo.com,37,Canada,2019-06-09
177,Steven Anderson,bradyjason@williamson.com,18,UK,2018-01-06
178,Samuel Kerr,nathan05@contreras.com,32,France,2018-05-11
179,Jill Macdonald,kim95@porter-hughes.com,47,Australia,2019-04-16
180,Carl Oconnell,lisarangel@gmail.com,23,Germany,2022-11-04
181,Joseph Chandler,anthony98@yahoo.com,41,UK,2017-01-16
182,Adam Reed,collinswilliam@harris.com,41,Canada,2020-11-21
183,Julie Parker,jdorsey@gmail.com,21,Canada,2020-11-30
184,Lisa Horn,kylemclaughlin@small.net,77,Australia,2021-04-12
185,Andrew Grant,dkim@martin.biz,18,USA,2015-03-20
186,Mark Schroeder,barrettbrittany@castro.info,23,India,2018-10-03
187,Tamara Ibarra,nathan25@cain.com,44,France,2014-09-26
188,Ann Fuller,spetersen@gmail.com,45,Canada,2016-10-04
189,Kristen Copeland,andrewjones@phillips-robinson.info,26,Brazil,2014-08-22
190,Clayton Huff,dennis34@hendricks-jackson.org,23,Germany,2023-08-22
191,John Tucker,zcastro@hernandez.net,23,USA,2014-10-29
192,Anna Schmidt,hartmanelizabeth@hotmail.com,21,Canada,2020-07-09
193,Leah Mckee,ashleylee@sutton.com,70,Australia,2021-05-22
194,Richard Payne,timothyhuynh@hotmail.com,80,South Africa,2023-07-18
195,Alexander Schmidt,kimberly83@cochran-andersen.org,54,UK,2015-03-21
196,Karen Wilson,williamsonjennifer@gmail.com,48,India,2016-11-29
197,Patricia Garza,pfigueroa@ochoa.com,33,China,2023-07-17
198,Anthony Garza,rogerroman@obrien.biz,28,China,2020-11-13
199,Jasmine Andrews,nicole50@yahoo.com,48,Germany,2018-02-03
200,Gina Perkins,uweaver@gmail.com,54,South Africa,2019-03-14
201,Erika Anderson,james46@yahoo.com,24,Canada,2022-12-12
202,Carolyn Webb,moorejacob@yahoo.com,55,Germany,2016-06-21
203,Jessica Cooper,matthewmyers@yahoo.com,67,China,2022-04-03
204,Brad Clark,gtodd@yahoo.com,68,Germany,2019-02-18
205,Wayne Olson,ashley82@calhoun-costa.info,78,South Africa,2019-10-17
206,Helen Martinez,brandiarmstrong@gmail.com,59,Brazil,2019-08-06
207,William Compton,lisatorres@myers-vasquez.org,77,Australia,2019-06-10
208,Lori Benson,mccoymarissa@ramirez.com,21,Canada,2015-11-24
209,Valerie Martinez,benjamin05@yahoo.com,28,Canada,2017-06-24
210,Madison Stewart,srodriguez@phillips-fox.com,23,Brazil,2023-03-06
211,Kathleen Palmer,murraywilliam@yahoo.com,58,Germany,2020-09-18
212,Dawn Watson,kristin22@martinez.com,50,Brazil,2015-02-20
213,Lisa Gill,danielle09@smith.com,56,Canada,2019-06-14
214,Robert Ellis,jessica65@munoz.com,31,France,2015-06-05
215,Karen Boyd,xochoa@hill.org,55,UK,2021-08-07
216,Leah Jimenez,timothy34@berry-mcbride.com,39,Canada,2016-02-14
217,Beverly Lee,reillylaura@yahoo.com,65,USA,2023-07-22
218,Jason Stafford,tammy91@gmail.com,78,India,2023-08-16
219,Kathy Robinson,zperkins@ortiz.org,35,USA,2015-08-19
220,Christopher Torres,jasonalexander@martinez-malone.com,41,Brazil,2019-05-29
221,Robert Moran,qromero@yahoo.com,51,France,2022-07-15
222,Nancy Bentley,ktaylor@green.com,18,Canada,2016-08-30
223,Sandra Ferguson,jenniferfrench@gmail.com,46,UK,2022-07-14
224,Meagan Phillips,ronniemathews@vasquez-holland.com,48,India,2023-07-17
225,Taylor Roberts,hensleyleslie@reyes.com,59,Brazil,2021-03-31
226,Robert Valdez,whiteemily@hotmail.com,62,Canada,2016-09-13
227,Tiffany Castillo,ganderson@gmail.com,28,USA,2020-09-14
228,William Cardenas,nicholemorgan@olson.com,25,USA,2021-02-21
229,Thomas Mcconnell,leejeanne@stout.com,77,Germany,2018-06-04
230,Kristina Martinez,lthompson@lyons.info,58,South Africa,2018-12-31
231,Ann Briggs,russell86@soto-jefferson.com,30,Brazil,2018-12-05
232,Karl Heath,debbiefox@hotmail.com,70,UK,2017-03-20
233,Trevor Stone,hallwilliam@craig.com,37,Australia,2020-01-10
234,Matthew Jones,todd54@johnson.com,68,India,2019-03-30
235,Erica Bolton,dominguezmarissa@hotmail.com,46,Brazil,2015-01-08
236,Janet Sandoval,castanedarachel@sanchez.org,80,South Africa,2021-12-22
237,Randy Heath,jross@yahoo.com,27,South Africa,2015-06-11
238,Luis Cervantes,juliapark@torres-dean.com,19,Germany,2018-12-13
239,Mrs. Holly Miller,pgriffin@yahoo.com,42,USA,2018-09-01
240,Travis Blanchard,fcalderon@brown-norton.com,40,France,2022-09-10
241,Christopher Dalton,jessicamelton@yahoo.com,30,China,2023-09-09
242,Brittany Boyle,stephanie56@bowman-walton.biz,52,Brazil,2017-02-03
243,Jeremy Martinez,brian89@mann.net,62,Australia,2017-04-22
244,Charles Lewis,lwilliams@holloway.com,55,Australia,2016-05-29
245,Paul Merritt,fking@gmail.com,71,France,2022-03-21
246,Juan Bowman,millsmary@taylor.com,18,China,2016-02-09
247,Jenna Reynolds,jaustin@hotmail.com,77,Brazil,2022-08-30
248,Marie Lawrence,francisjohn@hotmail.com,56,France,2017-05-07
249,David Henry,mackalbert@collins.com,25,Canada,2016-08-02
250,Chad Higgins,phillipstaylor@gonzalez.com,60,Germany,2017-10-30
251,Richard Gross,carolineyang@gmail.com,25,USA,2015-06-20
252,Ronald Ballard,thomas92@yahoo.com,66,India,2020-09-22
253,Derrick Hawkins,qwilliams@taylor.com,73,France,2024-05-23
254,Richard Parker,rhonda17@lynn-gonzales.com,47,Australia,2014-10-03
255,Michelle Williams,karenbishop@morgan-williams.com,36,India,2021-06-28
256,Kathleen Gutierrez,elizabethmoody@yahoo.com,46,France,2022-02-25
257,Luis Waters,charlesryan@jacobs.com,39,India,2020-07-31
258,Deborah Miles,ryanperez@gmail.com,19,France,2024-04-12
259,Chelsea Fitzgerald,derrickjoseph@hotmail.com,35,Germany,2016-12-31
260,Brittany Cook,hillcheryl@foster-porter.com,64,South Africa,2020-06-10
261,Jennifer Garrison,hschroeder@mcgee-barnes.net,41,Australia,2021-04-11
262,Edwin Lambert,browncindy@gmail.com,26,Germany,2021-12-22
263,Cody Lee,qmelendez@gmail.com,33,Canada,2022-01-26
264,Mark Hall,hudsontammy@fernandez.com,20,France,2018-02-10
265,Tammy Caldwell,gmacias@smith-mendoza.com,54,Australia,2019-07-04
266,Darlene Griffin,david49@kent-jefferson.net,71,China,2024-06-08
267,William Rowland,ikeller@matthews-knight.info,54,Australia,2014-11-08
268,Deborah Johnson,scottdaniel@collins-hernandez.info,48,Brazil,2015-06-10
269,Steven Finley,amanda30@chung-burgess.com,24,Australia,2014-12-02
270,Jonathan Baker,michael66@yahoo.com,54,South Africa,2019-04-28
271,Caleb Collins,debra97@smith-jones.info,19,France,2022-02-16
272,Robert Nguyen,adavis@harper-reed.info,78,France,2023-01-08
273,Joseph Alvarez,riggsdylan@yahoo.com,35,Brazil,2019-07-16
274,Kelsey Jackson,johnsonstephen@boyer.biz,61,Germany,2015-09-01
275,Bryan Dunn,gwilcox@yahoo.com,40,China,2021-04-24
276,Isaac Hammond,angelagarcia@hotmail.com,70,Germany,2021-02-15
277,Marissa Davis,ctate@gmail.com,30,Australia,2022-10-19
278,Rhonda Saunders,garciabrianna@smith.com,73,China,2021-08-12
279,Roy Andrews,glin@caldwell.net,62,Australia,2022-04-26
280,Michelle Jackson,vgreen@yahoo.com,46,Australia,2023-10-01
281,Stacy Sosa,bellaaron@jacobs.org,47,UK,2016-08-25
282,Pamela Evans,hvasquez@snow.com,61,USA,2022-08-31
283,Deborah Valencia,erika32@hotmail.com,57,South Africa,2021-12-04
284,Tanya Phillips,allengoodman@ramirez.com,67,India,2022-05-13
285,Mr. Steven Day,andersonkathleen@yahoo.com,25,UK,2018-11-28
286,Stephanie Phillips,tdominguez@delgado-ramirez.org,46,Germany,2022-04-14
287,Gary Austin,kellyarnold@johnson.com,53,France,2021-10-27
288,Elizabeth Brown MD,qcantrell@mcdonald.com,24,USA,2022-01-24
289,Charles Jones,lisa20@gmail.com,70,France,2022-08-27
290,Rebecca Obrien,vwheeler@oliver-garcia.org,53,USA,2021-12-11
291,Dustin Williams,gregorybowers@gmail.com,48,China,2023-03-15
292,David Herring,dmorris@moss.com,49,Brazil,2016-05-18
293,Hayley Gibbs,ohuynh@cross-tucker.com,53,UK,2019-10-31
294,Timothy Cooke,yhill@valencia-brooks.net,76,China,2017-11-06
295,Brianna Turner,ofoster@williams.com,20,South Africa,2021-04-18
296,Christopher Glass,gregory64@hotmail.com,29,USA,2022-04-19
297,Michael Gray,paul54@gmail.com,61,Australia,2018-09-19
298,Ruth Johnson,ubell@moses.com,58,UK,2021-12-08
299,Alexandra Kelly,christopher67@hotmail.com,19,Brazil,2018-10-10
300,Robin Oliver,brandi45@kramer.com,53,USA,2017-11-24
301,John Hoover,qnewman@gmail.com,26,France,2018-06-28
302,Kenneth Merritt,nicholasgarcia@sullivan.net,67,South Africa,2018-08-20
303,Renee Ross,austin86@yahoo.com,45,France,2019-06-22
304,Brittany Martin,lthompson@morris.com,65,South Africa,2015-11-30
305,Katie Mills,julie02@hotmail.com,27,Germany,2023-10-17
306,Sarah Rollins,longtony@ortiz.org,76,USA,2024-03-04
307,Mr. Jared Kelly,nvasquez@gmail.com,76,USA,2017-09-28
308,Amy Crane,mgardner@gmail.com,36,Germany,2015-01-03
309,Joshua Glass,lindustin@hotmail.com,35,France,2015-11-06
310,Tammy Butler,daviddavis@hammond.com,48,Germany,2019-08-16
311,Tara Kelly,jessica28@hotmail.com,44,South Africa,2019-08-10
312,Mrs. Leslie Lewis,fryebill@wright-perez.org,70,Germany,2023-11-21
313,Elizabeth Guzman,millerstephanie@mendoza-gutierrez.com,60,South Africa,2021-03-05
314,Mr. Tyler Hull,josewebster@davis.com,70,South Africa,2020-12-14
315,Michelle Smith,millerjeremy@gmail.com,66,Australia,2024-07-14
316,William Mccormick,fletcherjennifer@gmail.com,41,USA,2023-07-17
317,Brian York,hbush@gmail.com,74,Canada,2022-11-09
318,Gavin Herrera,christopherlam@hamilton-rangel.com,22,Canada,2016-07-15
319,Lori Johnson,wyang@gmail.com,36,France,2016-03-12
320,Rachel Day,desireewilkins@hotmail.com,71,UK,2023-04-01
321,Shelley Casey,wsimmons@harris.com,70,India,2019-08-29
322,Kelly Owen,walkermelinda@henry.com,29,India,2015-07-12
323,Christy Boyle,flee@young.com,52,Canada,2014-08-13
324,Matthew Hall,alejandromontgomery@miller.com,31,UK,2014-12-26
325,Crystal Bryant,qrogers@ross.com,61,India,2016-09-28
326,Linda Martin,nlawrence@mason.com,73,Germany,2022-02-17
327,Michael Stafford,cynthiakeller@yahoo.com,35,Germany,2019-12-22
328,Kent Ruiz,lsmith@yahoo.com,30,Australia,2019-11-01
329,Chad Elliott,michelle10@gmail.com,73,France,2016-04-14
330,Shannon Jones,garrettthomas@yahoo.com,18,Brazil,2023-10-30
331,Wendy Freeman,robertroberson@yahoo.com,67,China,2023-01-07
332,Jonathan Miller,martincastaneda@gmail.com,73,USA,2018-04-19
333,Dominique Gill,joe76@yahoo.com,65,Australia,2015-03-07
334,Jeffrey Hall,elizabethcamacho@powers.com,55,Germany,2023-09-11
335,Kaylee Mccullough,wwilson@frazier-garcia.com,31,France,2020-04-07
336,Samantha White,jennasanchez@short.com,34,Brazil,2020-11-22
337,Luis Huffman,brandyjennings@hotmail.com,47,Germany,2024-02-09
338,Amber Garcia,james42@lee-davis.info,65,France,2018-12-18
339,Mark King MD,anthony90@yahoo.com,44,Brazil,2021-11-03
340,Christopher Calhoun,robinsontara@yahoo.com,61,France,2020-09-24
341,Mrs. Amy Mcneil MD,jessicamoody@rosario-gordon.net,56,Brazil,2017-06-16
342,Terry Montes,taylorjames@gmail.com,52,China,2023-05-27
343,Brenda Williams,meyersrussell@castillo.com,45,South Africa,2021-02-27
344,Steve Burns,hoodkimberly@gmail.com,28,India,2020-10-04
345,Judy Good,priscilla56@yahoo.com,52,China,2016-05-20
346,Frank Pacheco,wwoods@hotmail.com,29,UK,2020-03-10
347,Whitney Kelly,johnny13@gmail.com,23,USA,2024-03-01
348,Tracy Clark,diazerin@hotmail.com,53,Australia,2019-06-23
349,Connor Hendricks,paulgoodwin@yahoo.com,38,Australia,2016-08-30
350,Jennifer Chavez,jcruz@gmail.com,61,India,2024-04-19
351,Mark Romero,nancy30@hess-rodriguez.com,21,Australia,2019-12-03
352,Craig Weaver,smithlisa@flores.com,59,USA,2020-04-15
353,Joseph Stewart,chelseycopeland@perez.biz,24,Canada,2015-09-18
354,Brett Miller,christophersims@wilkerson.com,64,UK,2020-10-19
355,Jeffrey Carlson,taylormichael@bruce-barber.com,19,Canada,2016-04-12
356,Carl Russell,ewhite@sanchez-pollard.com,62,USA,2022-06-29
357,Raven Pearson,benjaminzamora@woods.org,66,Canada,2016-11-12
358,Andrea Knight,samantha11@williams-hogan.com,50,India,2014-08-08
359,Morgan Baker,ewalsh@yahoo.com,46,France,2015-12-20
360,Lindsay Medina,swolf@gmail.com,28,Brazil,2018-01-15
361,Anita Nguyen,jack20@hotmail.com,44,France,2020-02-12
362,Cynthia Stephens,hudsontina@scott.com,50,Germany,2018-08-14
363,John Lopez,figueroadavid@baker-davila.info,58,China,2015-05-31
364,Jessica Jensen,brett91@yahoo.com,21,Canada,2023-12-20
365,Megan Jenkins,mikeedwards@yahoo.com,21,Canada,2015-08-17
366,Jose Peterson,erinwhite@parker-diaz.com,22,India,2022-03-15
367,Tamara Thomas MD,cynthiamahoney@gmail.com,39,China,2016-03-21
368,Michael Hughes,zlawrence@simmons.net,68,Brazil,2018-10-26
369,Sally Sanders,kirbyandrew@gmail.com,52,Germany,2016-05-07
370,Kelli Walker,piercerichard@taylor.com,67,Brazil,2018-09-23
371,David Ford,david81@gmail.com,67,France,2014-10-15
372,Kevin Davidson,roberthurley@gmail.com,46,UK,2024-04-17
373,Catherine Thompson,dparks@gmail.com,79,Canada,2019-05-19
374,Janice Dean,ashley40@hotmail.com,44,France,2021-11-08
375,Danielle Payne,ycarpenter@walker.com,42,South Africa,2017-06-01
376,Mr. Lance Walton Jr.,daniel89@yahoo.com,33,UK,2021-06-29
377,Ryan Douglas,christina00@yahoo.com,57,Germany,2021-11-08
378,Patricia Howard,johnroberts@allen-beasley.biz,52,USA,2017-04-23
379,Adrian Long,johngrimes@mcdowell.com,25,France,2014-12-11
380,David Armstrong,wpatterson@gmail.com,74,UK,2016-08-07
381,Michael Lane,madams@yahoo.com,29,India,2016-11-07
382,Elizabeth Sanchez,ymurray@yahoo.com,62,UK,2014-10-13
383,Christopher Allison,beckerkevin@gmail.com,63,USA,2016-11-30
384,Julia Taylor,rbeck@nolan-martinez.org,23,France,2023-08-31
385,Patricia Garcia,njackson@wagner.biz,27,UK,2017-03-14
386,Michelle Rose,robert75@yahoo.com,59,China,2020-09-03
387,Richard Lewis,emily40@newman.com,74,Canada,2015-01-19
388,Sarah Mccarthy,bakercorey@yahoo.com,72,USA,2016-07-13
389,Arthur Rosario,ubrennan@savage.com,22,USA,2020-05-16
390,Gabriel Riley,egeorge@soto.com,40,Australia,2014-08-22
391,Jill Evans,mark89@ramos-tran.com,19,France,2019-12-01
392,Timothy Rubio,gtodd@bell.com,26,China,2020-05-06
393,Mark Moore,hollylewis@mcmillan.biz,45,Germany,2021-01-29
394,Joseph Sanders,ryan76@hotmail.com,38,Australia,2024-07-10
395,Joshua Mason,johnprice@mitchell.com,18,France,2022-04-07
396,Michael Gonzalez,john38@gonzalez.org,44,Brazil,2018-02-09
397,Charles Lopez,elizabeth25@vang-day.biz,59,UK,2022-08-27
398,George Bowers,nholmes@hood.biz,46,India,2019-08-12
399,Rebecca Diaz,jonathancervantes@sharp.com,37,China,2017-01-09
400,William Sweeney,ybryant@yahoo.com,50,Australia,2014-09-06
401,Charles Woodard,jesse51@cervantes.org,67,Canada,2021-05-16
402,Ryan Hall,carol89@sullivan-snyder.org,77,Canada,2022-04-28
403,Cassie Molina,mariagraves@burton.biz,31,USA,2018-06-23
404,Erin Webb,bowenmichael@yahoo.com,47,India,2020-09-01
405,Christine Washington,cdiaz@doyle-olson.org,79,UK,2016-01-06
406,Aaron Sanders,wilsonamy@hotmail.com,24,Brazil,2017-01-09
407,Brenda Davenport,gregoryjohnson@thomas-taylor.com,28,China,2022-05-25
408,Hayley Anderson,ispencer@gmail.com,52,France,2021-09-03
409,Maria Mercado,fwelch@gmail.com,80,Australia,2016-01-25
410,Tammy Thompson,paula68@gmail.com,75,China,2017-08-10
411,Dale Thompson,anthony63@hotmail.com,28,Australia,2023-03-09
412,Tracy King,dennis45@gmail.com,52,Canada,2021-09-02
413,Paul Smith,rosariocory@hotmail.com,52,Canada,2018-07-21
414,Rebecca Vaughn,pkim@johnson.com,19,Brazil,2020-02-04
415,Sharon Fernandez,meyersmario@hotmail.com,34,India,2015-09-21
416,Jeremy Cook,davisrobert@phillips.com,33,France,2021-08-31
417,Jennifer Baxter,yanderson@hotmail.com,61,Canada,2016-06-23
418,Ellen Lyons,nkelly@rodriguez-harris.com,23,South Africa,2019-07-31
419,Julie Bailey,dylanbrown@hernandez.com,35,Australia,2015-07-01
420,Denise Krause,adamsrichard@cain.net,78,South Africa,2020-08-27
421,Amber Holland,zacharymullins@hotmail.com,62,Germany,2020-08-06
422,George Walker,calvin13@gmail.com,52,Australia,2021-07-29
423,Jacob Grimes,josephcampbell@carpenter.biz,42,Canada,2023-05-14
424,Lisa Reynolds,allison20@stein.com,52,USA,2019-06-25
425,Anthony Allen,kimberly45@gmail.com,37,Germany,2017-07-01
426,Scott Pope,ronaldpearson@yahoo.com,23,Canada,2024-03-24
427,Paul Cruz,joyceparker@hernandez-douglas.com,41,Canada,2021-01-20
428,Michael Thompson,nicholas83@gmail.com,21,Australia,2017-09-27
429,Michael Lewis,lozanoelizabeth@armstrong-young.com,20,South Africa,2023-05-31
430,Brittany Bryant,mharrison@phillips.com,30,Brazil,2018-09-14
431,Melinda Santos,christopherwhite@hotmail.com,31,France,2020-01-16
432,Jennifer Roberts,ryanfrazier@hotmail.com,30,China,2020-07-21
433,Lisa Powell,melissa68@ramirez.org,49,USA,2020-10-05
434,Dawn Garcia,williamseric@oconnor.org,75,Germany,2020-11-18
435,Richard Daniels,fostermelissa@gmail.com,70,Germany,2020-04-12
436,Nathaniel Kerr,jeffreywhite@luna.com,42,Germany,2018-10-28
437,Stephanie Harris,kaitlyn24@hotmail.com,64,France,2020-12-12
438,Emily Chen,samantha36@alvarez.biz,31,Australia,2020-08-06
439,Cheryl Evans,lsantos@nicholson.biz,39,South Africa,2017-12-25
440,Janet Frank,millerpaula@everett.com,31,South Africa,2024-06-27
441,Susan Bean,taylor72@hotmail.com,64,UK,2021-06-18
442,Jamie White,courtney28@yahoo.com,49,Germany,2022-04-28
443,Matthew Prince,tgonzalez@carpenter-leon.com,71,Canada,2023-01-21
444,Douglas Giles,robinsonshaun@stephens.com,54,South Africa,2017-05-07
445,Nicole Hayes,justinharris@yahoo.com,61,India,2018-11-03
446,Charles Johnson,xhays@gmail.com,79,France,2017-06-04
447,Cynthia Baker,wrightdennis@nguyen.com,56,China,2021-03-16
448,Keith Parker,michaeltaylor@barnett.org,60,Canada,2019-08-23
449,Briana Doyle,oliviabrock@bates.biz,60,India,2015-12-25
450,Mr. Ryan Robinson,blackwelldanielle@hotmail.com,25,Canada,2023-09-27
451,Margaret Thompson,arthurdaniels@gmail.com,54,USA,2015-12-02
452,Raven Mitchell,zacharydavis@young-harris.com,65,India,2023-04-27
453,Lori Hall,melissa93@hotmail.com,34,China,2017-10-21
454,Erika Robles,sheakatrina@gutierrez.com,28,France,2019-03-02
455,Randy Lowe,james08@boyd.com,62,India,2022-01-22
456,Jennifer Watson,priceadam@yahoo.com,78,France,2015-04-02
457,Julie Mitchell,reyeslinda@farmer.com,60,USA,2015-01-20
458,Stephen Williams,perryjonathan@banks.info,80,UK,2016-09-25
459,Aaron Williams,laurie40@yahoo.com,55,Canada,2020-02-16
460,Erica Kaufman,bishopbenjamin@murray-kemp.org,40,UK,2017-12-02
461,Stephanie Woodard,richardmclaughlin@yahoo.com,28,France,2024-08-02
462,Adam Ruiz,meghan31@smith.com,21,China,2018-12-06
463,Deanna Perez,malikkim@cruz.com,70,USA,2021-12-05
464,William Martinez,angelawaller@gmail.com,55,UK,2024-01-12
465,Alan Stafford,bobbywilson@yahoo.com,33,France,2020-11-21
466,Brittany Lee,bridget18@knight.net,51,Australia,2024-04-21
467,Daryl Wright,garychapman@vasquez.com,74,South Africa,2021-10-09
468,Patrick Martin,ymorales@robinson.info,26,Brazil,2015-06-09
469,Benjamin Berry,kellyduarte@dean.org,25,USA,2023-10-07
470,Jon Lopez,brian91@garcia.com,39,UK,2020-02-01
471,Matthew Klein,michael30@carpenter.info,30,Brazil,2017-10-30
472,Bonnie Conner,jacquelinewilliams@hotmail.com,35,Germany,2023-08-27
473,Timothy Dunn,jreyes@yahoo.com,78,Brazil,2022-01-30
474,Brent Chapman,wattsanthony@kelly.com,43,China,2022-02-07
475,Alan Lee,xturner@walsh.biz,41,Canada,2017-06-25
476,Tracy Wilson,tbest@hotmail.com,21,USA,2016-11-25
477,Dr. Heather Boyd,wpeterson@thompson.com,35,USA,2019-11-23
478,Matthew Jones,fmiller@gmail.com,21,India,2017-07-26
479,Taylor Thomas,patrick29@hotmail.com,26,India,2023-11-04
480,Brian Miller,molly36@french.biz,51,India,2023-06-23
481,Sean Thornton,zcameron@armstrong.com,62,UK,2019-09-20
482,Bobby Shaw,dschmitt@gmail.com,48,India,2015-02-03
483,Barbara Martinez,lopezmary@yahoo.com,27,China,2022-09-09
484,John Richardson,james76@gmail.com,50,China,2015-08-22
485,Brandy Woods,ymurphy@yahoo.com,80,Brazil,2023-02-26
486,Ashley Hampton,michellethompson@richardson-wong.info,37,China,2015-01-16
487,Alexander Palmer,ymalone@yahoo.com,27,China,2016-09-20
488,Vanessa Ray,hamiltonkimberly@hotmail.com,45,UK,2021-01-12
489,Jeffrey Watson,fredfloyd@larsen.com,71,Brazil,2018-12-06
490,Casey Johnson,vlong@yahoo.com,51,India,2023-05-05
491,Veronica Lewis,wilsonsean@gmail.com,44,France,2022-09-29
492,Debra Cunningham,charlesmason@graham.biz,39,South Africa,2021-03-11
493,David Torres,ggates@hotmail.com,50,Brazil,2016-04-05
494,Ronald Hunter,melindahoward@foster.com,50,South Africa,2020-07-04
495,Alexis Randall,christina78@stewart.net,28,Germany,2015-05-10
496,Tyler Bowen,margaret53@schroeder-patton.com,51,Canada,2022-02-21
497,Catherine Johnson,antonio54@gmail.com,59,South Africa,2017-03-15
498,Ashley Copeland,donald04@murray-ramirez.com,48,Australia,2020-12-08
499,Thomas Mcintyre,zmcmillan@kim.biz,40,France,2023-03-03
500,Daniel Ferguson,alexanderamy@yahoo.com,38,USA,2023-01-02
501,Tiffany Lin,carolyn94@yahoo.com,50,USA,2022-09-30
502,Anthony Jones,qwoods@gmail.com,53,India,2019-08-22
503,Amy Johnson,joseph84@goodwin-hall.org,68,Brazil,2014-08-26
504,Patricia Morris,lauratucker@bell.com,40,Brazil,2019-06-12
505,Kathleen Norton,chelseyanderson@hotmail.com,70,USA,2018-04-06
506,Eric Nolan,wrightlinda@gmail.com,65,South Africa,2021-10-14
507,Jeffrey Boyd,michaeljimenez@payne.net,35,India,2024-02-17
508,Jose Silva,timothywood@gmail.com,73,China,2019-04-18
509,Denise Garcia,ckhan@gmail.com,27,Brazil,2022-06-16
510,Matthew Moore,anna34@singleton-silva.biz,37,Australia,2015-07-19
511,Vicki Mullins,christopher39@gmail.com,44,China,2018-04-18
512,Kyle Johnson,steventhompson@smith-murray.info,47,Australia,2016-02-24
513,James Wheeler,morrisronnie@greene.net,76,Canada,2016-02-13
514,Felicia Sanchez,rdavis@logan.com,22,Germany,2023-07-25
515,Yvonne Chavez,lproctor@adams-johnson.com,22,Canada,2016-04-28
516,Hannah Lee,daleneal@hotmail.com,25,Canada,2018-07-05
517,James Thomas,tammyneal@smith.com,24,China,2014-10-07
518,Michael Garrison,theresa97@gmail.com,29,France,2016-05-23
519,Karen Mendoza,pgonzalez@arroyo.info,40,USA,2023-12-19
520,Michael Boone,brent39@yahoo.com,68,Germany,2019-04-08
521,Yvette Sharp,epollard@patton.net,42,Germany,2020-08-04
522,Steven Hampton,brandon73@yahoo.com,31,Brazil,2015-10-18
523,Kimberly Washington,qwilson@stevens.com,48,Brazil,2019-04-05
524,Geoffrey Pollard,burtonlisa@yahoo.com,63,Canada,2018-03-25
525,Amber Anderson,ucunningham@campos.com,49,USA,2014-09-15
526,Annette Choi,heathercollins@castillo-eaton.com,26,India,2024-07-18
527,Thomas Davis,woodsmary@yahoo.com,19,UK,2015-10-03
528,Tonya Randolph,millerangela@yahoo.com,48,Australia,2017-06-04
529,Katrina Edwards,eunderwood@weaver.net,23,Canada,2023-08-12
530,Mark Lee,ngates@gmail.com,63,Brazil,2021-06-07
531,Mary Parker,smithdaniel@payne-levine.com,75,Australia,2017-05-29
532,Mary Hardy,dorseyamanda@yahoo.com,73,USA,2023-05-19
533,David Vaughan,tramos@williams.biz,26,Australia,2022-10-04
534,Jessica Rodriguez,mfitzgerald@williams-warren.com,69,South Africa,2021-03-27
535,Randy Ramos,valerie44@scott.com,62,Canada,2016-08-21
536,Tiffany Wiley,crystaltaylor@lynch.net,34,South Africa,2018-12-09
537,Timothy Nicholson,xphelps@hotmail.com,22,Germany,2020-11-08
538,Carla King,larry48@parker.net,75,Canada,2018-06-29
539,Debbie Riley,mcdanieltracy@martinez-white.info,72,USA,2020-04-23
540,Cindy Douglas,william11@lamb.com,50,Germany,2015-06-02
541,Rachel Miller,ybrown@gibson-blanchard.com,33,Brazil,2020-09-23
542,David Kennedy,kristyrodriguez@hotmail.com,37,Germany,2020-04-20
543,Kyle Davis,arnolderica@frank.com,72,Germany,2015-07-15
544,Brenda Ellis,herrerafrances@brown.biz,71,China,2019-04-16
545,Lauren Jones,cathycook@hotmail.com,53,Germany,2017-02-05
546,Thomas Maynard,brockwilliam@yahoo.com,62,USA,2019-05-08
547,Stephen Zimmerman,fsilva@parker-shaw.com,45,Germany,2021-04-07
548,Tanya Santana,morgan17@gmail.com,65,France,2015-12-18
549,Mrs. Kristin Garcia MD,rebecca34@hotmail.com,58,Australia,2022-11-27
550,Veronica Huerta,jnavarro@yahoo.com,56,Brazil,2024-01-14
551,Susan Rowland,qcoffey@yahoo.com,38,France,2023-05-27
552,Jennifer Wilson,antoniobryant@perez.com,50,UK,2017-05-01
553,Laura Jones,april54@yahoo.com,44,Brazil,2021-06-29
554,Anthony Flores,heatherdiaz@yahoo.com,51,Germany,2021-06-28
555,Richard Rogers,ryan58@campbell.com,37,Germany,2015-04-01
556,Nicole Newman,shannonjennifer@ruiz.com,75,South Africa,2017-07-28
557,Nathan Rodriguez,ffrench@jones.biz,43,South Africa,2021-03-20
558,Norman May,james44@bryant-schwartz.com,71,UK,2022-06-27
559,Mitchell Reynolds,aschmitt@thomas-taylor.com,75,Australia,2021-04-28
560,Catherine Snow,angela13@johnson-hendricks.biz,22,Brazil,2018-05-30
561,Andrew Jones,mpearson@donaldson.com,32,Australia,2021-11-08
562,Tiffany Mendoza,fostersara@gmail.com,75,China,2021-06-30
563,Jeffrey Petty,elliscraig@wilson.com,38,USA,2022-06-22
564,Brandon Smith,taylorjoseph@hotmail.com,53,Brazil,2017-04-03
565,Linda Davies,danielthompson@gmail.com,36,France,2018-01-02
566,Kyle Burns,joyceramirez@yahoo.com,39,South Africa,2022-09-29
567,Christian Sparks,robertmoore@hotmail.com,69,Canada,2019-01-24
568,Brian Joyce,esmith@gmail.com,53,Canada,2022-05-21
569,Jenna Obrien,cynthiagolden@anderson.net,48,Canada,2023-05-29
570,Vincent Rivera,krausejon@gmail.com,54,Australia,2019-04-11
571,Keith Rollins,melanie13@hotmail.com,38,South Africa,2017-11-11
572,Gregory Barnett,alexander96@gmail.com,57,South Africa,2016-12-27
573,Shawn Barnett,moranrichard@hotmail.com,19,France,2022-08-11
574,Michael Bass II,pporter@yahoo.com,64,France,2017-01-05
575,Jeanne Koch MD,gregory08@yahoo.com,67,Australia,2021-05-09
576,Samantha Williams,clifford24@yahoo.com,53,Australia,2023-01-31
577,Paul Brady,njones@hotmail.com,33,Brazil,2014-11-07
578,Andrew Kelley,ashley76@taylor.com,69,Australia,2016-07-11
579,Madison Brown,dkennedy@gmail.com,73,Australia,2020-10-14
580,Kristin Mays,robertpetersen@pineda.com,30,France,2023-04-18
581,Tammy Hanson,jennifer67@wong.com,65,Brazil,2024-03-12
582,Daniel Delgado,larsonpamela@gonzalez.info,23,China,2014-08-26
583,Rebecca Fox,tamaracunningham@hotmail.com,21,South Africa,2017-06-06
584,Anna Gibson,nancysmith@hotmail.com,25,USA,2014-09-13
585,Victoria Smith,foxzachary@mitchell.net,37,Brazil,2016-08-02
586,Shannon Kane,christine66@gmail.com,39,France,2017-12-05
587,Ryan Russell,amandanelson@strickland.com,24,Canada,2021-08-14
588,Adam Smith,christophermeyer@peterson.com,47,Brazil,2020-04-14
589,Roberto Sparks,angelarodriguez@edwards.com,65,Germany,2019-08-25
590,Derrick Romero,fjohnson@yahoo.com,67,China,2023-10-18
591,Stephen Burns,vlopez@wade.net,38,USA,2023-07-18
592,Melissa Henderson,johnsoncarrie@yahoo.com,73,USA,2017-11-08
593,Michael Williams,amiller@ball.biz,78,Brazil,2020-09-19
594,Mr. Timothy Harper,thompsonkatrina@yahoo.com,48,Brazil,2015-09-30
595,Deborah Hardy,melissa98@hotmail.com,18,UK,2020-05-31
596,Rodney Stewart,christinelara@fritz.com,49,China,2024-06-04
597,Phyllis Moore,ihughes@yahoo.com,49,China,2021-07-19
598,Amanda Shelton,william62@hotmail.com,51,Brazil,2018-10-05
599,Darrell Gonzalez,riverajacqueline@frank.com,56,Canada,2015-05-13
600,Jacqueline Olson,carolynsteele@yahoo.com,43,South Africa,2023-07-20
601,Donald Johnson,williamsjennifer@gmail.com,58,China,2024-07-20
602,Gwendolyn Mendoza,uhenry@huff-ramos.org,79,UK,2020-03-04
603,Mary Molina,gbird@sparks.org,24,Canada,2022-01-16
604,Brandy Turner,michaelthompson@reyes.org,24,Brazil,2024-01-03
605,Kimberly Mcgee,wwong@lewis.net,23,Australia,2022-06-28
606,Ryan Atkins,banksgregory@wilkinson-clarke.com,76,South Africa,2015-09-20
607,Kevin Brown,uharrison@jones.com,37,France,2018-03-18
608,Mark Brown,knightlisa@tanner.com,79,Australia,2020-10-21
609,Emily Ward,lcarr@martinez.com,38,USA,2015-03-03
610,Matthew Walker,christopher31@ellis-johnson.biz,38,Germany,2020-03-13
611,Jose Lee,alvarezanna@garcia-bartlett.net,39,UK,2020-03-04
612,Samuel Hill,erios@yahoo.com,41,India,2017-07-03
613,Jordan Smith,michael59@yahoo.com,48,India,2014-11-10
614,Eric James,davisshawn@yahoo.com,29,South Africa,2022-10-22
615,Mr. Adam Peterson,cynthia69@hotmail.com,78,India,2015-02-21
616,Angelica Hawkins,traceycruz@yahoo.com,59,South Africa,2018-01-17
617,Joseph Glass,owall@serrano.com,68,USA,2014-12-08
618,Lynn Cooper,imiller@baker.biz,43,South Africa,2014-12-28
619,Stephanie Davis,ehuerta@hotmail.com,25,Australia,2020-07-19
620,Rachel Hodges,edwardsjerome@gmail.com,80,UK,2019-05-12
621,Michael Lopez,margaret75@yahoo.com,21,China,2023-11-30
622,Brian Garcia,mark28@woods.net,80,France,2018-03-17
623,Ryan Li,ehill@gmail.com,67,Brazil,2015-05-13
624,Jason Bridges,wbaker@turner.com,67,Germany,2018-09-18
625,Rebecca Green,mparks@irwin.com,37,Brazil,2015-06-24
626,Sarah Williams,kylewalker@hall.info,41,USA,2020-03-31
627,Daniel Reilly,sheila49@gill.com,78,Germany,2017-01-02
628,Shane Caldwell,robinsonwilliam@lawson-norton.com,52,France,2017-10-18
629,Carrie Allen,sstephens@hotmail.com,46,Australia,2017-04-03
630,John Moore,wallacebryan@johnson.com,65,Canada,2021-02-18
631,Craig Walker,bethany60@gmail.com,71,Australia,2018-01-08
632,Caitlin Shelton,brian89@hotmail.com,54,India,2020-09-12
633,Sherri Hull,bradleybarber@gmail.com,71,China,2021-05-17
634,Kim Roberts,omoss@hatfield.com,27,South Africa,2019-07-26
635,Connor Wells,castrochristopher@hotmail.com,48,Germany,2019-10-07
636,Samantha Taylor,johnwilson@hotmail.com,22,South Africa,2018-08-28
637,Lauren Baxter,llamb@johnson.com,56,USA,2017-11-13
638,Amber Hammond,simmonskevin@kelley.com,35,South Africa,2021-06-14
639,Stephanie Figueroa,benjamingonzalez@callahan.com,76,UK,2022-12-04
640,Patrick Cameron,michaeltimothy@adams.net,22,USA,2016-07-02
641,Kevin Cruz,joseph98@gmail.com,34,Brazil,2015-08-24
642,Suzanne Moss,petersonjoshua@gmail.com,27,Canada,2016-05-14
643,Meredith Harris,kingscott@yahoo.com,76,France,2020-07-04
644,Timothy Perez,smithheather@gmail.com,76,Brazil,2015-12-06
645,Sarah Vasquez,ortizwilliam@prince-hayes.com,28,Canada,2019-08-19
646,John Johnson,ovalenzuela@yahoo.com,60,Brazil,2015-11-17
647,John Sanchez,brownantonio@sanchez.net,55,France,2023-11-22
648,Joseph Campbell,thomasbaker@ramirez-berry.com,78,Brazil,2019-05-12
649,Nicole Goodman,xthomas@yahoo.com,50,China,2023-06-27
650,Jennifer Evans,patriciaboyd@blair-young.biz,18,USA,2016-02-20
651,Nicole Padilla,nstein@gmail.com,74,USA,2017-03-28
652,Rebekah Walker,davidshepherd@ewing.com,74,UK,2019-04-03
653,Daniel Kemp,steven47@young.com,34,South Africa,2018-08-10
654,Veronica Burke,jennifer48@yahoo.com,35,South Africa,2015-12-10
655,Kyle Chavez,aramirez@hotmail.com,70,Germany,2016-11-06
656,Tanya Barron,ataylor@miller-saunders.com,35,USA,2022-04-10
657,James Mullen,ryan65@reed.com,73,Canada,2020-02-24
658,Danielle Perry,nathanblair@ramirez.info,51,Canada,2020-10-23
659,Tyler Johnson,adamross@yahoo.com,23,China,2022-05-03
660,Sara Andrews,richardpineda@yahoo.com,35,France,2020-11-07
661,Karen Zamora,olivia53@yahoo.com,43,India,2021-05-22
662,Heather Hampton,wagneremily@camacho.com,52,India,2022-01-27
663,Kristin Day,dustin11@yahoo.com,47,China,2024-07-09
664,Mark Mendez,carolynjackson@brooks-hopkins.com,21,South Africa,2018-09-13
665,Kathryn Boyd,kempchristy@yahoo.com,46,Canada,2022-02-09
666,Kenneth Camacho,amanda27@shepherd.com,49,Canada,2022-10-25
667,Luis Graham,chad50@hotmail.com,41,Canada,2015-06-28
668,Valerie Yoder,melissarodriguez@anderson.net,72,Canada,2021-05-21
669,Nathaniel Snow,melissa65@thomas-jordan.com,48,UK,2021-04-30
670,Adam Ray,samuel57@yahoo.com,58,Australia,2021-12-03
671,Taylor Delacruz,beth01@hotmail.com,26,Australia,2016-04-24
672,Valerie Webster,jessicafranco@yahoo.com,22,India,2017-07-16
673,Jaime Perry,nmccullough@lynch-morris.info,30,Canada,2023-12-14
674,Rebecca Brown,eugene94@lynch.com,50,India,2022-02-25
675,Leslie Hester,nicholasgoodwin@richardson-gonzalez.com,58,India,2024-05-01
676,Teresa Stewart,catherinemcdowell@yahoo.com,49,South Africa,2024-01-24
677,Julia Wright,amy83@gmail.com,65,Germany,2022-01-22
678,Heather Gibbs,philipmelton@yahoo.com,28,Australia,2024-04-02
679,Sarah Buchanan,ggentry@yahoo.com,39,Australia,2019-01-18
680,Mary Medina,shannonwilliams@hotmail.com,25,France,2017-12-07
681,Daniel Crawford,woodnicole@hooper.com,38,France,2018-04-24
682,Valerie Luna,johnathanhernandez@ford-kelley.com,70,South Africa,2023-10-03
683,Kevin Smith,slopez@jones-cooley.com,56,Australia,2020-09-27
684,Jesse Graham,bethshaffer@meyer.biz,72,Brazil,2018-12-18
685,David Green,murphysabrina@dudley.biz,58,Germany,2020-09-05
686,Brian Hill,hunter74@hotmail.com,70,UK,2024-05-23
687,Cristina Kennedy,mcclainmichael@hodge.org,37,USA,2020-02-20
688,Randall Marquez,xmoore@yahoo.com,69,Germany,2020-02-28
689,Jessica Tyler,huntgary@patel.com,48,South Africa,2022-07-07
690,Charles Lee,judy23@hotmail.com,36,Brazil,2021-10-31
691,Mr. Michael George,brandoncohen@hotmail.com,69,Brazil,2020-06-01
692,Sylvia Lam,douglas59@hotmail.com,51,Canada,2015-10-19
693,Brian Avery,gary75@harris-castillo.com,71,Germany,2019-08-16
694,Joseph Miller,kimdavid@yahoo.com,33,Germany,2024-03-16
695,Michael Orozco,nathan56@poole-miller.biz,30,USA,2019-07-17
696,Jacob Harris,hrivera@steele-wright.com,21,UK,2022-01-07
697,Elizabeth Brown,whitetyler@hotmail.com,30,Canada,2023-08-29
698,Bryan Chambers,elliottbrandy@alexander.net,78,South Africa,2015-03-31
699,John Hart,debra25@hotmail.com,19,South Africa,2016-02-12
700,Leslie Adams,bbridges@yahoo.com,49,Germany,2014-10-13
701,Samuel Mitchell,savannah85@knapp.com,65,Australia,2019-02-03
702,Krystal Alvarado,victorcross@hotmail.com,49,Germany,2021-12-05
703,Jamie Washington,james34@pham-anderson.com,80,South Africa,2022-03-18
704,Patricia Holder,jose81@hotmail.com,71,USA,2019-10-21
705,Veronica Pruitt,paulwalker@hotmail.com,35,India,2020-11-10
706,Stanley Baldwin,richardellis@morgan.com,67,India,2022-07-22
707,Kristen Rodriguez,daviskristy@yahoo.com,64,China,2023-01-22
708,Isaiah Cook,maria87@weber.biz,75,South Africa,2015-12-02
709,Faith Turner,scottmendoza@wagner.com,75,India,2016-09-19
710,Kevin Hernandez,karenhurst@carney.biz,41,USA,2024-07-07
711,Ms. Jasmine Ball,danielhickman@yahoo.com,43,Canada,2018-05-09
712,Meghan Ramirez,brett27@ramirez.biz,66,Germany,2018-03-07
713,Christina Lawson,tammy56@gmail.com,29,France,2023-02-15
714,Betty Larsen,michaelburke@taylor.com,72,UK,2018-01-18
715,Terry Harrison,hoovercrystal@oneill.biz,42,South Africa,2015-09-15
716,Shannon Green,qpowell@yahoo.com,73,India,2023-08-26
717,Melissa Stewart,danaburnett@yahoo.com,29,Australia,2018-08-21
718,Amanda Marquez,matthewwinters@rodriguez.net,34,USA,2019-06-22
719,Eric Carson,mashley@hotmail.com,59,France,2023-06-27
720,Gregory Bailey,ttaylor@davis.info,69,Canada,2023-08-25
721,Lauren Mckinney,bowersthomas@nguyen.com,33,UK,2019-07-21
722,James Bailey,jonestammy@gonzalez.com,29,Brazil,2023-12-28
723,Christopher Moreno,erikafry@jenkins.com,75,Canada,2021-01-21
724,Tara Flowers,kristopher70@boyle.com,36,USA,2021-03-17
725,Anne Clark,luceronatalie@gmail.com,24,Germany,2018-07-18
726,Cole Williams,vallen@mendez.com,62,India,2023-07-07
727,Jennifer Howe,tina96@hotmail.com,53,Germany,2024-02-29
728,Samuel Hill,dmartin@brooks.com,31,South Africa,2023-06-07
729,Laura Thompson,coopermichele@anderson.com,40,Germany,2015-10-20
730,Hector Green,jessicawhite@gmail.com,66,UK,2020-01-11
731,William Jones,noblecourtney@miller-powers.net,64,China,2014-09-05
732,Michael Jackson,bjackson@gmail.com,69,UK,2018-01-26
733,Amy Peterson,donna51@olson.biz,28,South Africa,2022-04-29
734,Christopher Mccarty,lstone@baker.com,18,USA,2023-10-13
735,Angel Parsons,jporter@reed.com,66,France,2020-04-01
736,Rachael Schneider,hunter53@brown.com,52,Australia,2023-12-08
737,Daniel Chavez,smithjessica@yahoo.com,55,Brazil,2020-01-26
738,Christopher Ortiz,jason94@greene-ayers.net,52,Brazil,2022-11-04
739,Mark Bennett,pdavid@bell-porter.info,39,Canada,2018-08-01
740,Nancy Ramos,katiekirby@hotmail.com,60,UK,2023-08-08
741,Christopher Scott,jenningsmichelle@cannon.com,25,USA,2019-02-19
742,Jake Baker,williamsdeborah@garcia.net,55,Germany,2020-11-22
743,Carl Yang,caldwelljames@gmail.com,65,France,2019-08-02
744,Lance Smith,ogallegos@sanchez-cannon.com,48,USA,2018-03-11
745,Terry Nelson,katie48@flowers-martinez.net,38,China,2016-04-26
746,Matthew Hall,melinda08@hotmail.com,29,France,2015-07-03
747,Nathan Hogan,andrea19@anderson.net,57,Canada,2020-10-18
748,Thomas Howard,amanda05@johnson-stone.com,43,Germany,2021-10-21
749,Oscar Medina,kyledixon@byrd.com,45,South Africa,2022-01-15
750,Debbie Hickman,along@yahoo.com,41,Australia,2021-08-03
751,Gary Gilbert,davidjones@hotmail.com,74,Canada,2017-04-22
752,Cathy Mckee,sydney89@hughes-freeman.biz,59,USA,2019-10-14
753,Anthony Reynolds,danny67@yahoo.com,20,UK,2017-02-06
754,Julia Frazier,kgraves@robinson.com,20,South Africa,2016-12-30
755,Jessica Wu,wongmargaret@yahoo.com,48,France,2022-06-14
756,William Wright,christina72@yahoo.com,63,Australia,2019-02-08
757,Cory Kim MD,watkinssarah@gmail.com,40,India,2015-10-01
758,Michael King,gregory09@hotmail.com,36,South Africa,2022-12-02
759,Beth Jones,hvargas@morgan.org,18,Brazil,2021-05-25
760,Gregory Dominguez,latoyajohnson@gray.com,69,France,2017-09-04
761,Stephanie Stephens,valerie92@hotmail.com,77,France,2015-01-27
762,Ashley Lawson,bauerkevin@gomez.com,25,Brazil,2023-10-31
763,Debbie Nixon,nschneider@hatfield.net,37,France,2015-09-24
764,Patrick Walton,jeffrey94@hotmail.com,73,Brazil,2024-03-07
765,Jeffrey Morales,prestonleslie@hotmail.com,70,South Africa,2017-05-16
766,Michelle Jones,fhill@yahoo.com,78,Canada,2014-12-27
767,Clinton Erickson,gtorres@gmail.com,19,Brazil,2020-01-02
768,Larry Brown,paul86@murphy.com,73,Brazil,2023-01-22
769,Tammy Adams,blairrebecca@gmail.com,72,France,2023-04-18
770,Eddie Palmer,susanmendez@yahoo.com,40,Germany,2020-10-06
771,Christian Ruiz,rhamilton@gmail.com,26,South Africa,2019-10-24
772,Derek Garcia,fmiller@erickson.org,38,Canada,2017-01-11
773,Kenneth Lam,qlopez@sanders.net,65,Brazil,2017-07-03
774,Ivan Anderson,meltonbrian@gmail.com,55,India,2016-10-19
775,Samuel Randall,michellegriffith@white.biz,66,USA,2019-06-25
776,John Rush,ugentry@yahoo.com,36,China,2017-08-02
777,Sharon Thompson,marciagriffin@yahoo.com,34,Brazil,2020-08-28
778,Jose Chen,patrick60@curtis-ashley.com,27,China,2014-12-21
779,Tina Cook,jason59@phillips.info,73,Brazil,2015-12-16
780,Anna Mclean,kevin51@curry.com,34,UK,2018-05-16
781,Amanda Smith,esteele@hotmail.com,66,India,2019-10-15
782,Paul Lee,fmiller@crawford.org,73,Canada,2023-09-09
783,Sarah Carrillo,morsemario@moore.com,54,South Africa,2022-09-23
784,Daniel Murphy Jr.,ajohnson@hotmail.com,60,Canada,2021-07-10
785,Holly Jensen,scottrobinson@yahoo.com,39,France,2018-03-19
786,Michael Powell,jcollins@gmail.com,60,USA,2017-04-17
787,Sharon Blair,obell@harris-dean.info,41,France,2016-12-10
788,Lisa Rodriguez,kimberly13@hotmail.com,41,China,2023-10-28
789,Emily Harding,clarklori@hotmail.com,55,Germany,2021-01-19
790,Miss Joanna Miller MD,victoriagrant@lane.com,39,France,2020-05-25
791,Shelly Galvan MD,brittany03@brewer.net,78,France,2016-10-01
792,Jason Williamson,riverakaitlin@reed.org,54,France,2015-04-13
793,Rebecca Weeks,lisathompson@hotmail.com,41,Australia,2019-11-05
794,Karen Perez,bbooker@li-cooper.com,25,Brazil,2016-07-28
795,Michael Collins,stantonsamantha@gmail.com,25,India,2018-09-23
796,Nicholas Ochoa,sandramarks@horton.com,34,USA,2023-10-18
797,April Zuniga,bernardpatricia@hotmail.com,67,China,2023-01-31
798,Julie Thomas MD,lorisanchez@richardson.info,76,Brazil,2022-02-24
799,Lisa Rogers,martinezlawrence@hernandez.org,31,India,2024-06-19
800,Thomas Pham,amartinez@knight-davis.com,78,USA,2020-04-05
801,Aaron Peterson,stevenwood@hotmail.com,80,USA,2015-06-15
802,Yvette Mueller,johnsoncheryl@yang-clark.com,20,UK,2018-11-07
803,Roger White,waltercarlson@gutierrez-hutchinson.com,39,UK,2014-10-01
804,Michael Mcdonald,donnagarcia@gmail.com,57,USA,2020-02-10
805,Kathryn Washington,padillamorgan@henderson.com,59,Australia,2016-08-06
806,Kim Cunningham,rscott@harris.org,34,Brazil,2015-01-03
807,Melissa Brown,emilyvazquez@gmail.com,25,Germany,2020-01-06
808,Michael Berg,bradfordchristopher@hotmail.com,49,USA,2015-04-01
809,David Castillo,hayneseric@smith-andrade.com,74,Canada,2019-11-15
810,Andrew Stewart,ambersnyder@hotmail.com,46,Canada,2024-03-17
811,Allen Lara,cwhite@brown.com,39,Canada,2022-10-24
812,Carrie Perkins,duartecindy@smith.com,35,India,2022-01-31
813,Kevin Stephens,bsmith@yahoo.com,48,India,2017-03-24
814,Kevin Miles,foxlinda@gmail.com,54,Australia,2020-12-20
815,Ms. Renee Nelson,wgarcia@beasley.com,72,USA,2019-10-02
816,Bruce Michael,tammywilliams@peterson.org,32,France,2015-07-14
817,Ashley Johnson,yharrison@yahoo.com,26,India,2017-01-14
818,Destiny Reynolds MD,vclark@lawrence.com,36,USA,2023-10-07
819,Erin Little,fhughes@ballard.biz,60,China,2017-06-19
820,Philip Franklin,jesus24@yahoo.com,73,India,2018-09-12
821,Robin Smith,morgan04@shannon.com,72,France,2023-05-30
822,Jose Barber,kimberly33@cox-craig.org,76,France,2017-07-02
823,Kevin Taylor,otran@hotmail.com,78,UK,2018-10-07
824,Bryan Dunn,youngkatherine@gmail.com,73,Germany,2017-06-23
825,Ryan Snyder,james54@hotmail.com,19,Brazil,2015-03-28
826,Dr. Brandon Carney,dgonzales@yahoo.com,43,UK,2019-06-18
827,Brandon Stark,vcarroll@hotmail.com,78,India,2016-07-09
828,Megan Arnold,michaelsutton@ward-gonzalez.org,20,Germany,2019-06-01
829,Zachary Barrett,tcruz@wise.com,68,China,2020-05-30
830,Cassandra Wong,bernardalejandro@yahoo.com,47,UK,2016-04-06
831,Michael Merritt,steven65@yahoo.com,22,UK,2014-12-20
832,Samantha Jackson,dboyer@hotmail.com,72,India,2016-12-10
833,Alexandria Fleming,ashley34@hotmail.com,31,Australia,2022-03-26
834,Mikayla Myers,mendezmallory@baker.com,70,South Africa,2019-01-30
835,David Fields,keithclark@gmail.com,25,USA,2023-10-07
836,Juan Bernard,rebeccasmith@green-rose.com,49,China,2022-10-24
837,Brett Myers,caguirre@yahoo.com,59,South Africa,2020-11-12
838,Victor Craig DDS,lauren89@smith.org,35,Australia,2016-10-02
839,Bridget Juarez,prestonkimberly@wilson.net,61,Brazil,2019-11-09
840,Lisa Scott,michelle95@mills-sanchez.biz,36,China,2018-02-27
841,Joel Butler,garysmith@yahoo.com,40,Germany,2021-09-27
842,Christine Moore,laurapeterson@hotmail.com,44,USA,2016-03-19
843,Thomas Rojas,dianawilliams@mitchell.com,60,China,2021-01-05
844,Christopher Morris,icalhoun@hill.com,79,UK,2021-02-08
845,Danielle Wilson,hgarza@reed.com,62,Germany,2021-12-26
846,Anthony Hart,wholmes@gmail.com,59,Brazil,2016-10-04
847,Trevor Moran,garycarson@greer-chambers.com,48,France,2023-08-31
848,Jaclyn Garcia,austinderek@gmail.com,56,UK,2015-01-15
849,Mary Brooks,zsparks@gmail.com,63,India,2021-07-13
850,Brandon Wright,brian32@johnson-white.info,68,Germany,2021-12-08
851,Cameron Garcia,hubbardallison@santos-george.org,57,France,2023-02-25
852,Tracy Wilcox,christinacannon@hotmail.com,53,China,2018-07-14
853,Jeff Rice,marktaylor@martinez-higgins.info,78,China,2016-01-16
854,Christopher Crawford,staceyleonard@yahoo.com,18,Canada,2018-10-03
855,Michael Benson,ayerskeith@gmail.com,52,South Africa,2015-01-20
856,Kimberly Miller,darren58@yahoo.com,67,USA,2024-07-19
857,Rachel Key,joseph78@white.com,51,Canada,2024-05-17
858,Angelica Rowe,torresjohnny@gmail.com,38,Brazil,2023-07-07
859,Rachel Williams,lori87@walker-saunders.com,58,France,2022-02-15
860,Vanessa Jones,pparker@hotmail.com,57,South Africa,2023-09-11
861,Jessica Griffin,travis45@massey.com,69,South Africa,2021-08-27
862,Dustin Smith,vneal@ayers.info,55,India,2016-11-28
863,Erin Colon,adamsampson@lambert.com,49,Germany,2022-03-11
864,Edward Smith,amandasolomon@cook.info,77,France,2016-10-22
865,Mrs. Diane Berger,sromero@anderson-jacobson.com,57,Brazil,2017-04-15
866,Todd Turner,derekjackson@gmail.com,45,UK,2015-08-31
867,Leslie Blake,julie87@martinez-patton.com,57,Germany,2017-11-04
868,Courtney Bradley,alexandraclarke@baker.org,37,South Africa,2015-02-16
869,Samantha Spencer,kimberlydeleon@gmail.com,56,China,2015-10-31
870,Cristian Cooper,dparker@sutton.info,60,Canada,2022-08-20
871,Cathy West,gregory71@curtis.org,24,South Africa,2017-08-14
872,Richard Mendoza,cainangela@hotmail.com,47,Brazil,2018-04-02
873,Melissa Long,jpeters@gmail.com,42,Australia,2022-08-18
874,Heidi Wade,michaelgonzalez@stephens-richardson.com,53,USA,2018-08-12
875,Ashley Dennis,taracooper@patel.biz,32,Brazil,2019-04-09
876,Cindy Mullins,wheelerolivia@martinez.info,72,Germany,2018-06-26
877,Elizabeth Coleman,nvilla@hotmail.com,19,Australia,2019-07-12
878,Larry Spencer,jenniferfoster@gmail.com,38,USA,2017-06-08
879,Michael Barnes,ashley28@ali.org,56,France,2016-05-12
880,Jacqueline Baker,tracy44@johnson.com,24,Australia,2017-05-30
881,Jose Reynolds,gcobb@yahoo.com,26,France,2015-08-22
882,Arthur Moore,todd50@king-strickland.com,36,Brazil,2021-11-08
883,Patricia Wilson,gordon42@yahoo.com,73,Germany,2017-04-13
884,Renee Daniel,knightwilliam@yahoo.com,60,Australia,2020-01-09
885,Katherine Hernandez,maria34@hotmail.com,47,USA,2020-07-28
886,Gary Frost,lisataylor@yahoo.com,30,Canada,2017-08-02
887,Megan Pearson,derrick25@hotmail.com,18,France,2023-03-19
888,James Garrison,michael23@gmail.com,66,Brazil,2014-12-13
889,Susan Hunt,veronica97@yahoo.com,56,France,2016-05-16
890,Jonathan Williams,kevinkrause@norton-daniel.org,58,China,2023-12-11
891,Diane Smith MD,kathywalsh@hotmail.com,25,India,2017-09-24
892,Christine Hansen,markcombs@yahoo.com,58,UK,2016-10-07
893,Emma Torres,renee24@clark.com,75,China,2022-05-21
894,Robert Rodriguez,cbennett@yahoo.com,49,France,2015-12-26
895,Nicholas Anderson,bradleysheila@yahoo.com,70,Australia,2015-08-26
896,Barbara Gibbs,omckenzie@dixon.biz,54,USA,2024-07-16
897,Mark Johnson,vincent20@lopez.com,43,USA,2014-12-30
898,Michael Brown,eugenelane@hotmail.com,56,Brazil,2019-12-25
899,Julie Wright,smartinez@jones.info,23,South Africa,2020-05-05
900,Jeremy Miller,michellevillegas@evans.com,19,Brazil,2019-02-21
901,Stephanie Ward,herreracody@gmail.com,34,South Africa,2019-06-05
902,Shawn Herrera,gdouglas@gmail.com,30,Brazil,2016-09-04
903,Katherine Simmons,emayer@hotmail.com,50,Brazil,2019-02-16
904,Linda Martinez,smullen@hotmail.com,37,USA,2016-06-22
905,Frank Ward PhD,jeffreyhansen@yahoo.com,40,South Africa,2017-10-17
906,Andrew Lopez,laurakeith@gmail.com,26,South Africa,2022-09-01
907,Dennis Walker,xallen@johnston.com,34,France,2024-03-03
908,Elizabeth Lynch,jeffrey81@yahoo.com,25,Canada,2023-05-31
909,Claudia Wood,kristi89@yahoo.com,50,UK,2018-06-11
910,Brenda Hale,sdixon@yahoo.com,37,USA,2022-05-21
911,Deborah Gilbert,smithstephen@yahoo.com,63,UK,2019-11-04
912,Kenneth Fry,hughesjoseph@hotmail.com,75,Brazil,2016-11-15
913,Nicholas Maxwell,justinbrown@robbins.org,51,Australia,2022-05-12
914,Laura Perez,samantha19@alvarez-freeman.com,46,Canada,2016-06-18
915,Mrs. Melissa Giles,amy39@gmail.com,51,Australia,2020-03-12
916,Chad Mcmillan,jeffrey18@rogers-rivera.com,44,India,2018-05-13
917,Kimberly Nelson,robertgordon@campbell.com,32,USA,2018-05-10
918,Matthew Levine,bsmith@yahoo.com,20,Brazil,2020-01-14
919,Ryan Wolfe,bnielsen@hotmail.com,59,Brazil,2018-10-14
920,Jonathan Durham,jproctor@yahoo.com,46,Australia,2015-08-21
921,Terry Greer,simpsonamy@shepard.info,68,China,2018-04-04
922,Carol Hernandez,mollyrivera@yahoo.com,58,China,2018-04-08
923,Daniel Ward,melissapierce@gmail.com,53,UK,2019-01-16
924,Sharon Stephenson,medinajames@hotmail.com,49,Canada,2024-06-08
925,Kendra Miller,yturner@martinez.biz,52,India,2021-10-29
926,Jennifer Hendricks,nicole24@wilson.biz,72,UK,2022-01-04
927,Tyler Gibson,kristina88@gmail.com,70,Brazil,2014-11-20
928,Kari Schmidt,kathycoleman@davidson-gibson.org,64,South Africa,2023-11-05
929,Eric Hall,mitchellrhonda@hotmail.com,20,South Africa,2022-11-21
930,Scott Garcia,sherrycooper@gmail.com,39,USA,2020-11-19
931,Jennifer Cochran,friedmankimberly@hotmail.com,52,Germany,2021-05-28
932,John Brown,castrojames@gmail.com,41,USA,2021-03-19
933,James Holland,lhorne@garrett.com,58,France,2017-08-22
934,Glen Gibson,sarahgarcia@hotmail.com,36,India,2020-04-15
935,Heather Schmidt,kleinrobert@lopez-fleming.com,37,Canada,2020-07-29
936,Raymond Smith,pwilson@mendoza.com,59,USA,2021-12-13
937,Mandy Johnson,sandra30@adams.org,61,USA,2015-09-20
938,Kevin Cooper,hlawson@gmail.com,79,Brazil,2023-05-11
939,Oscar White,eduardo74@hotmail.com,36,Canada,2014-11-02
940,Danielle Hicks,qwilliams@yahoo.com,26,UK,2016-11-26
941,Robin Allen,chamilton@cain.info,75,Australia,2016-05-10
942,Gina Moody,yfoley@neal-bush.info,67,Germany,2020-02-07
943,Melissa Barton,tiffany02@hicks.com,31,China,2023-12-27
944,Angela Edwards,richard25@blackwell.com,42,Australia,2018-07-17
945,Dr. Benjamin Moss MD,qhaynes@hayes-pitts.com,41,Australia,2015-08-23
946,Jonathan Pena,crystal93@johnson.com,58,UK,2019-02-18
947,Philip Castro,millersharon@yahoo.com,25,China,2019-12-20
948,Joseph Johnson,russell04@yahoo.com,27,Germany,2017-03-24
949,Darryl Waters,tyler01@parks.com,28,USA,2022-09-16
950,Marie Reed,littleamanda@hotmail.com,70,USA,2023-03-07
951,Andrew Lambert,matthew80@lopez.com,73,Germany,2018-10-26
952,Shannon Thomas,ryan86@gallagher-johnson.org,57,Germany,2023-10-19
953,Eric Richards,edwardsjacob@hotmail.com,58,UK,2018-02-01
954,Miss Tammy Scott,randall28@kaiser.biz,69,China,2016-09-02
955,Aaron Jones,jamie49@gmail.com,63,Canada,2021-06-08
956,Joseph Edwards Jr.,joneslisa@yahoo.com,44,UK,2014-10-04
957,David Thomas,fwilliams@hanson.org,41,China,2017-07-04
958,Timothy Lee,bdavis@sutton.com,49,France,2019-06-29
959,Cory Stewart PhD,vroberts@smith-page.com,24,China,2019-02-07
960,Kyle Scott,fleach@lewis-anderson.com,21,France,2023-08-11
961,Aaron Garcia,shafferbobby@williams.org,27,UK,2022-11-10
962,Brandon Summers,connorjones@gmail.com,47,South Africa,2019-04-10
963,David Salazar,karen46@hotmail.com,22,UK,2016-02-04
964,Jeffrey Garcia,gonzalezjamie@lewis.com,48,Brazil,2015-11-25
965,Elizabeth Perez,jacksonvictoria@hotmail.com,67,South Africa,2015-09-15
966,Gregory Jennings,daniel13@hotmail.com,48,Canada,2021-07-17
967,Michael Walter,sarah86@anderson-monroe.org,55,Australia,2022-12-06
968,Michael Harris,colleenmunoz@gmail.com,31,Brazil,2024-07-26
969,Jasmine Harmon,icarpenter@morris-green.com,42,South Africa,2021-04-26
970,Jessica Shea,jody48@bentley-baker.com,73,Australia,2020-08-21
971,Amy Molina,nunezmitchell@hotmail.com,18,China,2017-06-18
972,Drew Wood,ruizralph@hotmail.com,68,Brazil,2019-10-27
973,Derek Hoffman,ritterjoshua@jones.com,26,USA,2018-01-16
974,Stacey Vincent,ewillis@yahoo.com,30,India,2017-09-29
975,Maria Kim,emily49@lopez.info,43,India,2020-12-28
976,Francisco May,brownevan@yahoo.com,37,South Africa,2020-01-29
977,Eric Wilson,michaelhall@gmail.com,27,South Africa,2019-02-18
978,Bryan Lucas,katherineriley@long.net,73,China,2018-03-08
979,Dr. Mary Stewart,waynebennett@hood.com,59,Canada,2019-07-10
980,Nancy Hernandez,lisa20@hotmail.com,39,China,2021-09-11
981,Mark Watson,oscar74@knight-grant.com,23,China,2022-01-22
982,Michael Lawson,smithphillip@hotmail.com,65,Brazil,2019-10-27
983,Pamela Rivera,millstabitha@yahoo.com,61,Australia,2015-02-04
984,Megan Walker,qmoss@coleman-perez.com,75,South Africa,2015-12-27
985,Andrew Lynch,lhughes@ewing-morales.com,52,Brazil,2018-03-23
986,Patricia Perez,elizabeth75@gmail.com,37,USA,2019-04-10
987,Jim Strickland,umejia@johnston-branch.net,36,Australia,2017-07-14
988,Timothy Hill,wwolfe@wade.org,65,Brazil,2024-02-28
989,Andrew Romero,upage@johnson.info,24,Canada,2023-01-20
990,Brittany Bell,matthewgray@horn.info,57,South Africa,2017-07-15
991,Gerald Monroe,sbell@hotmail.com,31,France,2017-08-20
992,Catherine Holmes,collinsrebecca@butler.com,47,Germany,2016-06-02
993,Cindy Nelson,reesejoseph@yahoo.com,53,Brazil,2017-10-02
994,Devon Fischer,danielwilliams@hotmail.com,71,China,2017-07-05
995,Brian Hunter,kevin61@potter-nunez.com,44,Brazil,2021-09-26
996,Jeffery Cruz,traviscummings@rosario.info,29,Germany,2015-09-19
997,Teresa Vang,walshfrances@hotmail.com,63,China,2016-04-12
998,Brent Clarke,smithraymond@cook.com,50,Canada,2016-11-07
999,David Hall,jamie13@gmail.com,20,France,2018-10-25
1000,Kayla Rivera,pamela70@reyes.org,70,Germany,2023-03-19
